Title,Link,pubDate,Description,Source,Tag
Photonics applications emerge for agriculture - Laser Focus World,https://www.laserfocusworld.com/detectors-imaging/article/14276564/photonics-applications-emerge-for-agriculture,5/19/2022,Photonics applications emerge for agriculture&nbsp;&nbsp;Laser Focus World,Laser Focus World,Sensors-Spectral
Animal behavior is central in shaping the realized diel light niche | Communications Biology - Nature.com,https://www.nature.com/articles/s42003-022-03472-z,6/8/2022,Animal behavior is central in shaping the realized diel light niche | Communications Biology&nbsp;&nbsp;Nature.com,Nature.com,Sensors-Spectral
Thinning increases forest resiliency during unprecedented drought | Scientific Reports - Nature.com,https://www.nature.com/articles/s41598-022-12982-z,5/31/2022,Thinning increases forest resiliency during unprecedented drought | Scientific Reports&nbsp;&nbsp;Nature.com,Nature.com,Sensors-Spectral
HENSOLDT defence industry developer of Land Air Sea Solutions and Products | Germany German defence industry company UK | Europe defence industry company UK - Army Recognition,https://www.armyrecognition.com/germany_german_defence_industry_company_uk/hensoldt_defence_industry_developer_of_land_air_sea_solutions_and_products.html,6/10/2022,HENSOLDT defence industry developer of Land Air Sea Solutions and Products | Germany German defence industry company UK | Europe defence industry company UK&nbsp;&nbsp;Army Recognition,Army Recognition,Sensors-Spectral
Biodiversity and infrastructure interact to drive tourism to and within Costa Rica | Proceedings of the National Academy of Sciences - pnas.org,https://www.pnas.org/doi/10.1073/pnas.2107662119,3/4/2022,Biodiversity and infrastructure interact to drive tourism to and within Costa Rica | Proceedings of the National Academy of Sciences&nbsp;&nbsp;pnas.org,pnas.org,Sensors-Spectral
Effectiveness of protection areas in safeguarding biodiversity and ecosystem services in Tibet Autonomous Region | Scientific Reports - Nature.com,https://www.nature.com/articles/s41598-021-03653-6,1/21/2022,Effectiveness of protection areas in safeguarding biodiversity and ecosystem services in Tibet Autonomous Region | Scientific Reports&nbsp;&nbsp;Nature.com,Nature.com,Sensors-Spectral
ARRI ALEXA 35 First Look - Newsshooter,https://www.newsshooter.com/2022/06/01/arri-alexa-35-first-look/,6/1/2022,ARRI ALEXA 35 First Look&nbsp;&nbsp;Newsshooter,Newsshooter,Sensors-Spectral
The influence of sea ice on the detection of bowhead whale calls | Scientific Reports - Nature.com,https://www.nature.com/articles/s41598-022-12186-5,5/20/2022,The influence of sea ice on the detection of bowhead whale calls | Scientific Reports&nbsp;&nbsp;Nature.com,Nature.com,Sensors-Spectral
Cattle-related risk factors for malaria in southwest Ethiopia: a cross-sectional study - Malaria Journal - Malaria Journal,https://malariajournal.biomedcentral.com/articles/10.1186/s12936-022-04202-w,6/10/2022,Cattle-related risk factors for malaria in southwest Ethiopia: a cross-sectional study - Malaria Journal&nbsp;&nbsp;Malaria Journal,Malaria Journal,Sensors-Spectral
Global forest management data for 2015 at a 100 m resolution | Scientific Data - Nature.com,https://www.nature.com/articles/s41597-022-01332-3,5/10/2022,Global forest management data for 2015 at a 100 m resolution | Scientific Data&nbsp;&nbsp;Nature.com,Nature.com,Sensors-Spectral
Neuropathic pain caused by miswiring and abnormal end organ targeting - Nature.com,https://www.nature.com/articles/s41586-022-04777-z,5/25/2022,Neuropathic pain caused by miswiring and abnormal end organ targeting&nbsp;&nbsp;Nature.com,Nature.com,Sensors-Spectral
